zone_id,hour,day,historical_demand,available_supply,avg_wait_time,zone_encoded,lag_demand,predicted_demand
Central,1,0,64,52,4.8,1,56.0,60.81363644851881
Central,2,0,70,45,10.0,1,64.0,66.1501661502985
Central,3,0,68,42,10.4,1,70.0,65.93276190476189
Central,4,0,60,51,3.6,1,68.0,60.163999999999994
Central,5,0,53,34,7.6,1,60.0,55.26202221090457
Central,6,0,52,31,8.4,1,53.0,54.659955159363065
Central,7,0,51,41,4.0,1,52.0,54.202698697501326
Central,8,0,85,51,13.6,1,51.0,86.58666666666666
Central,9,0,80,55,10.0,1,85.0,85.57
Central,10,0,91,55,14.4,1,80.0,87.67880952380952
Central,11,0,59,36,9.2,1,91.0,60.965923076923076
Central,12,0,65,43,8.8,1,59.0,66.68879779044484
Central,13,0,64,50,5.6,1,65.0,66.40651604441308
Central,14,0,61,46,6.0,1,64.0,63.96173257787962
Central,15,0,74,45,11.6,1,61.0,68.53264852304557
Central,16,0,68,54,5.6,1,74.0,66.42367063492064
Central,17,0,88,54,13.6,1,68.0,83.43920588235295
Central,18,0,83,73,4.0,1,88.0,86.06291666666667
Central,19,0,93,78,6.0,1,83.0,90.17349999999999
Central,20,0,88,53,14.0,1,93.0,86.12182936507935
Central,21,0,51,41,4.0,1,88.0,53.98
Central,22,0,64,51,5.2,1,51.0,63.55966692131398
Central,23,0,61,45,6.4,1,64.0,62.093943977591024
Central,0,1,64,41,9.2,1,61.0,59.98105347593582
Central,1,1,66,44,8.8,1,64.0,63.9861714413038
Central,2,1,57,47,4.0,1,66.0,65.20098096511332
Central,3,1,55,36,7.6,1,57.0,56.47857985501484
Central,4,1,53,34,7.6,1,55.0,55.318088000378246
Central,5,1,67,55,4.8,1,53.0,60.71635800814826
Central,6,1,51,36,6.0,1,67.0,60.00214502164503
Central,7,1,53,41,4.8,1,51.0,59.04931565656566
Central,8,1,95,66,11.6,1,53.0,91.89
Central,9,1,93,61,12.8,1,95.0,90.49709523809524
Central,10,1,87,74,5.2,1,93.0,88.41130952380952
Central,11,1,62,42,8.0,1,87.0,64.49492307692307
Central,12,1,70,54,6.4,1,62.0,67.59497827172827
Central,13,1,74,50,9.6,1,70.0,67.95931773781774
Central,14,1,62,39,9.2,1,74.0,64.28837481962482
Central,15,1,64,41,9.2,1,62.0,66.42181302521007
Central,16,1,74,66,3.2,1,64.0,63.3216290425261
Central,17,1,80,52,11.2,1,74.0,81.50107142857144
Central,18,1,90,59,12.4,1,80.0,86.99207142857144
Central,19,1,87,71,6.4,1,90.0,84.91788888888888
Central,20,1,80,62,7.2,1,87.0,82.57682936507936
Central,21,1,59,41,7.2,1,80.0,56.83190476190476
Central,22,1,58,50,3.2,1,59.0,60.24571479500891
Central,23,1,58,45,5.2,1,58.0,59.550723198370264
Central,0,2,51,32,7.6,1,58.0,54.168093158475514
Central,1,2,72,49,9.2,1,51.0,67.59155095068331
Central,2,2,73,58,6.0,1,72.0,68.9875
Central,3,2,61,48,5.2,1,73.0,63.57883333333332
Central,4,2,52,38,5.6,1,61.0,53.801478560110915
Central,5,2,54,48,2.4,1,52.0,57.26025146654171
Central,6,2,52,43,3.6,1,54.0,54.49096903437694
Central,7,2,72,59,5.2,1,52.0,56.839915869218515
Central,8,2,86,52,13.6,1,72.0,87.58116666666666
Central,9,2,94,68,10.4,1,86.0,91.31145238095237
Central,10,2,89,65,9.6,1,94.0,89.3955
Central,11,2,68,41,10.8,1,89.0,67.00182783882784
Central,12,2,56,41,6.0,1,68.0,69.00268029193028
Central,13,2,53,46,2.8,1,56.0,69.02738004152708
Central,14,2,72,56,6.4,1,53.0,70.26439635854341
Central,15,2,64,52,4.8,1,72.0,63.96469444444444
Central,16,2,53,46,2.8,1,64.0,64.75761389101095
Central,17,2,86,59,10.8,1,53.0,83.1746907308378
Central,18,2,81,63,7.2,1,86.0,84.09366666666666
Central,19,2,85,62,9.2,1,81.0,85.82425
Central,20,2,91,59,12.8,1,85.0,83.89273412698412
Central,21,2,60,41,7.6,1,91.0,58.86
Central,22,2,72,62,4.0,1,60.0,65.15654138018843
Central,23,2,56,48,3.2,1,72.0,58.71945238095238
Central,0,3,50,33,6.8,1,56.0,53.262545539427904
Central,1,3,74,62,4.8,1,50.0,66.31152777777777
Central,2,3,58,40,7.2,1,74.0,62.173
Central,3,3,55,41,5.6,1,58.0,54.73362213875449
Central,4,3,58,43,6.0,1,55.0,54.989618664158904
Central,5,3,50,31,7.6,1,58.0,55.952455472087834
Central,6,3,61,41,8.0,1,50.0,61.010072150072155
Central,7,3,71,47,9.6,1,61.0,57.65882215007215
Central,8,3,88,63,10.0,1,71.0,88.17166666666667
Central,9,3,96,64,12.8,1,88.0,93.56303571428572
Central,10,3,91,61,12.0,1,96.0,90.7642619047619
Central,11,3,51,41,4.0,1,91.0,57.20758974358974
Central,12,3,54,37,6.8,1,51.0,58.51130653170358
Central,13,3,66,44,8.8,1,54.0,67.24566392431099
Central,14,3,51,38,5.2,1,66.0,58.04360936775645
Central,15,3,71,43,11.2,1,51.0,57.54087471352178
Central,16,3,50,39,4.4,1,71.0,55.17727364302366
Central,17,3,81,61,8.0,1,50.0,76.5351907308378
Central,18,3,85,57,11.2,1,81.0,85.4523095238095
Central,19,3,83,51,12.8,1,85.0,85.04054365079364
Central,20,3,96,78,7.2,1,83.0,89.80149999999999
Central,21,3,73,54,7.6,1,96.0,67.67
Central,22,3,51,40,4.4,1,73.0,55.01394444444445
Central,23,3,60,50,4.0,1,51.0,61.30658358798066
Central,0,4,65,55,4.0,1,60.0,60.122220142602494
Central,1,4,55,44,4.4,1,65.0,60.595254774637134
Central,2,4,52,40,4.8,1,55.0,55.82148374352398
Central,3,4,53,32,8.4,1,52.0,57.60392210146235
Central,4,4,52,43,3.6,1,53.0,55.909991846532094
Central,5,4,69,54,6.0,1,52.0,62.355731625271865
Central,6,4,69,60,3.6,1,69.0,60.12983333333332
Central,7,4,57,40,6.8,1,69.0,60.80483333333333
Central,8,4,97,82,6.0,1,57.0,95.29833333333335
Central,9,4,90,63,10.8,1,97.0,88.39814285714284
Central,10,4,97,85,4.8,1,90.0,93.62986904761905
Central,11,4,59,39,8.0,1,97.0,61.36566666666667
Central,12,4,65,54,4.4,1,59.0,65.96513903253609
Central,13,4,74,55,7.6,1,65.0,66.08102486892192
Central,14,4,66,44,8.8,1,74.0,62.96809901209901
Central,15,4,65,57,3.2,1,66.0,56.19741253096751
Central,16,4,54,46,3.2,1,65.0,57.226693916248884
Central,17,4,88,60,11.2,1,54.0,82.47056712637207
Central,18,4,98,80,7.2,1,88.0,92.12790476190474
Central,19,4,82,70,4.8,1,98.0,82.86723412698412
Central,20,4,80,63,6.8,1,82.0,83.64714285714284
Central,21,4,60,52,3.2,1,80.0,59.50566666666666
Central,22,4,53,46,2.8,1,60.0,58.18064793445288
Central,23,4,69,53,6.4,1,53.0,65.28007109462605
Central,0,5,65,40,10.0,1,69.0,64.23519047619047
Central,1,5,52,46,2.4,1,65.0,60.284421441303806
Central,2,5,67,43,9.6,1,52.0,64.83554411103172
Central,3,5,67,49,7.2,1,67.0,64.7433900560224
Central,4,5,52,41,4.4,1,67.0,56.32584243697479
Central,5,5,58,37,8.4,1,52.0,60.85674252373015
Central,6,5,53,35,7.2,1,58.0,55.99108273208274
Central,7,5,70,45,10.0,1,53.0,64.19802164502164
Central,8,5,87,74,5.2,1,70.0,89.27833333333332
Central,9,5,96,66,12.0,1,87.0,95.04470238095239
Central,10,5,95,59,14.4,1,96.0,93.42888095238095
Central,11,5,68,53,6.0,1,95.0,66.56925641025641
Central,12,5,71,47,9.6,1,68.0,65.17394885669884
Central,13,5,55,49,2.4,1,71.0,59.859007298257296
Central,14,5,68,58,4.0,1,55.0,66.19672278211983
Central,15,5,51,35,6.4,1,68.0,55.48930430585928
Central,16,5,50,38,4.8,1,51.0,56.41302849833346
Central,17,5,80,52,11.2,1,50.0,75.66844073083779
Central,18,5,95,65,12.0,1,80.0,86.33374999999998
Central,19,5,82,68,5.6,1,95.0,83.15456746031747
Central,20,5,96,86,4.0,1,82.0,83.47714285714284
Central,21,5,63,55,3.2,1,96.0,64.24
Central,22,5,52,42,4.0,1,63.0,54.671957458262405
Central,23,5,54,47,2.8,1,52.0,60.38003429808924
Central,0,6,66,50,6.4,1,54.0,63.71463869463869
Central,1,6,52,46,2.4,1,66.0,59.68218614718614
Central,2,6,69,47,8.8,1,52.0,66.6933482905983
Central,3,6,70,46,9.6,1,69.0,67.1900119047619
Central,4,6,50,34,6.4,1,70.0,56.21175
Central,5,6,67,51,6.4,1,50.0,64.74667063492063
Central,6,6,71,57,5.6,1,67.0,64.61597619047619
Central,7,6,57,35,8.8,1,71.0,61.64199999999999
Central,8,6,97,76,8.4,1,57.0,95.16
Central,9,6,81,54,10.8,1,97.0,84.42
Central,10,6,89,76,5.2,1,81.0,89.19885714285714
Central,11,6,66,56,4.0,1,89.0,66.73682783882784
Central,12,6,58,47,4.4,1,66.0,62.04677028527027
Central,13,6,65,49,6.4,1,58.0,66.31319505494504
Central,14,6,59,49,4.0,1,65.0,60.58886619426324
Central,15,6,52,35,6.8,1,59.0,64.5743542559092
Central,16,6,73,63,4.0,1,52.0,66.02431395797186
Central,17,6,86,64,8.8,1,73.0,82.32245238095238
Central,18,6,92,60,12.8,1,86.0,91.0225
Central,19,6,87,70,6.8,1,92.0,87.06388888888888
Central,20,6,95,58,14.8,1,87.0,91.71138888888889
Central,21,6,68,47,8.4,1,95.0,66.76
Central,22,6,51,32,7.6,1,68.0,54.92403898784394
Central,23,6,72,57,6.0,1,51.0,67.30848245614034
North,1,0,41,31,4.0,3,38.0,38.39612671427298
North,2,0,41,27,5.6,3,41.0,30.2063663003663
North,3,0,29,24,2.0,3,41.0,29.724876104287873
North,4,0,41,31,4.0,3,29.0,34.994944863058954
North,5,0,24,18,2.4,3,41.0,26.90333642174819
North,6,0,40,27,5.2,3,24.0,37.44267829118242
North,7,0,31,24,2.8,3,40.0,34.551666452828215
North,8,0,53,45,3.2,3,31.0,47.72557709395866
North,9,0,69,49,8.0,3,53.0,61.9475549710008
North,10,0,52,41,4.4,3,69.0,56.840441558441555
North,11,0,39,24,6.0,3,52.0,34.42736904761905
North,12,0,37,27,4.0,3,39.0,36.076025641025645
North,13,0,38,31,2.8,3,37.0,35.554592563138605
North,14,0,38,27,4.4,3,38.0,37.22157431238352
North,15,0,42,28,5.6,3,38.0,39.17940764571686
North,16,0,40,24,6.4,3,42.0,36.91513095238095
North,17,0,58,46,4.8,3,40.0,50.86458766233766
North,18,0,50,32,7.2,3,58.0,55.210422571580466
North,19,0,50,36,5.6,3,50.0,54.62126771556691
North,20,0,65,42,9.2,3,50.0,59.84434311239231
North,21,0,32,21,4.4,3,65.0,31.408333333333335
North,22,0,35,26,3.6,3,32.0,30.96054767016609
North,23,0,24,18,2.4,3,35.0,27.031302914921334
North,0,1,42,25,6.8,3,24.0,39.21070702027591
North,1,1,35,22,5.2,3,42.0,32.35937820512821
North,2,1,41,24,6.8,3,35.0,37.434402372782
North,3,1,33,20,5.2,3,41.0,31.551792770954545
North,4,1,34,20,5.6,3,33.0,33.01190371057096
North,5,1,33,29,2.0,3,34.0,30.59300257012925
North,6,1,24,17,2.8,3,33.0,29.390353765418077
North,7,1,35,29,2.4,3,24.0,35.33694361546387
North,8,1,53,34,7.6,3,35.0,46.09223380294873
North,9,1,54,38,6.4,3,53.0,60.37604739524322
North,10,1,59,52,2.8,3,54.0,59.25118596135546
North,11,1,23,14,3.6,3,59.0,25.427260654120563
North,12,1,29,22,2.8,3,23.0,29.488763492025797
North,13,1,20,15,2.0,3,29.0,27.653791697515956
North,14,1,32,20,4.8,3,20.0,32.030542614314655
North,15,1,43,37,2.4,3,32.0,36.77808729136361
North,16,1,21,12,3.6,3,43.0,24.811655844155844
North,17,1,69,53,6.4,3,21.0,63.59049242424242
North,18,1,67,51,6.4,3,69.0,60.34789285714286
North,19,1,50,36,5.6,3,67.0,60.57391966366967
North,20,1,68,57,4.4,3,50.0,58.63320129044613
North,21,1,31,22,3.6,3,68.0,29.895
North,22,1,20,15,2.0,3,31.0,26.22704767016609
North,23,1,30,19,4.4,3,20.0,27.80904545016387
North,0,2,32,21,4.4,3,30.0,35.119275537285205
North,1,2,33,19,5.6,3,32.0,35.47795400097837
North,2,2,38,29,3.6,3,33.0,35.95921049448486
North,3,2,42,26,6.4,3,38.0,36.457363013921054
North,4,2,27,19,3.2,3,42.0,30.459311085972853
North,5,2,29,17,4.8,3,27.0,31.82028306771381
North,6,2,21,14,2.8,3,29.0,27.60948927185351
North,7,2,26,16,4.0,3,21.0,32.17725100526714
North,8,2,67,52,6.0,3,26.0,57.47237851664464
North,9,2,53,38,6.0,3,67.0,55.58056159483789
North,10,2,53,34,7.6,3,53.0,56.80775419785754
North,11,2,28,21,2.8,3,53.0,27.311374290484196
North,12,2,22,19,2.0,3,28.0,26.876954348948342
North,13,2,35,22,5.2,3,22.0,32.329788194375965
North,14,2,36,29,2.8,3,35.0,35.08686350168884
North,15,2,43,36,2.8,3,36.0,37.15939246645167
North,16,2,24,16,3.2,3,43.0,25.629197968697966
North,17,2,62,50,4.8,3,24.0,63.3421590909091
North,18,2,52,32,8.0,3,62.0,54.1336673288516
North,19,2,66,50,6.4,3,52.0,60.27102165809722
North,20,2,69,58,4.4,3,66.0,63.7220770895771
North,21,2,41,28,5.2,3,69.0,31.665
North,22,2,38,27,4.4,3,41.0,37.55020202020202
North,23,2,31,27,2.0,3,38.0,27.938908730158733
North,0,3,38,23,6.0,3,31.0,36.314967787845106
North,1,3,26,23,2.0,3,38.0,32.65184563424191
North,2,3,39,30,3.6,3,26.0,38.95780600922312
North,3,3,34,21,5.2,3,39.0,34.82183636478761
North,4,3,24,16,3.2,3,34.0,30.47213579964484
North,5,3,44,33,4.4,3,24.0,36.997433902954164
North,6,3,40,33,2.8,3,44.0,28.69521376662553
North,7,3,42,35,2.8,3,40.0,38.056756196417965
North,8,3,56,35,8.4,3,42.0,54.35821162235598
North,9,3,59,52,2.8,3,56.0,55.649921967566314
North,10,3,63,48,6.0,3,59.0,57.027632195204184
North,11,3,24,19,2.0,3,63.0,23.875442833052745
North,12,3,30,24,2.4,3,24.0,29.84652453118157
North,13,3,34,21,5.2,3,30.0,31.11891178463909
North,14,3,29,24,2.0,3,34.0,31.09304847882041
North,15,3,36,22,5.6,3,29.0,32.62970524314802
North,16,3,26,18,3.2,3,36.0,29.778882851067056
North,17,3,57,35,8.8,3,26.0,58.34018290043291
North,18,3,67,58,3.6,3,57.0,52.20794618888044
North,19,3,51,31,8.0,3,67.0,55.80791330891329
North,20,3,54,36,7.2,3,51.0,53.48117587344709
North,21,3,27,19,3.2,3,54.0,32.560500000000005
North,22,3,20,17,2.0,3,27.0,22.660033184651606
North,23,3,36,31,2.0,3,20.0,25.10366449778292
North,0,4,44,34,4.0,3,36.0,38.59676028937522
North,1,4,23,16,2.8,3,44.0,26.369370629370632
North,2,4,38,31,2.8,3,23.0,37.24108540964727
North,3,4,41,33,3.2,3,38.0,33.25839115244919
North,4,4,29,25,2.0,3,41.0,29.693228113389882
North,5,4,26,18,3.2,3,29.0,29.02763789352767
North,6,4,32,19,5.2,3,26.0,35.44039620698999
North,7,4,39,24,6.0,3,32.0,30.379630327864913
North,8,4,58,47,4.4,3,39.0,55.85630774480079
North,9,4,52,40,4.8,3,58.0,55.41676107290543
North,10,4,66,41,10.0,3,52.0,58.489406049274095
North,11,4,20,13,2.8,3,66.0,23.127500414360323
North,12,4,25,21,2.0,3,20.0,28.63262723123202
North,13,4,32,28,2.0,3,25.0,30.527842802115497
North,14,4,34,29,2.0,3,32.0,33.63128704921687
North,15,4,41,35,2.4,3,34.0,30.562688902299968
North,16,4,24,16,3.2,3,41.0,26.363483682983677
North,17,4,68,60,3.2,3,24.0,65.16382575757575
North,18,4,67,43,9.6,3,68.0,56.45148881673881
North,19,4,66,53,5.2,3,67.0,54.77926995226994
North,20,4,50,39,4.4,3,66.0,52.88377644577645
North,21,4,41,29,4.8,3,50.0,37.288000000000004
North,22,4,42,25,6.8,3,41.0,38.91020202020202
North,23,4,31,27,2.0,3,42.0,33.0380753968254
North,0,5,35,30,2.0,3,31.0,36.21404461452719
North,1,5,31,19,4.8,3,35.0,33.80148156646415
North,2,5,40,27,5.2,3,31.0,36.06284231682489
North,3,5,23,16,2.8,3,40.0,31.46733678249855
North,4,5,37,25,4.8,3,23.0,36.33618447122647
North,5,5,24,21,2.0,3,37.0,28.032604552211506
North,6,5,41,24,6.8,3,24.0,34.625566491253224
North,7,5,28,19,3.6,3,41.0,30.338620915032678
North,8,5,69,53,6.4,3,28.0,44.32837536224085
North,9,5,65,42,9.2,3,69.0,59.579913003663016
North,10,5,63,39,9.6,3,65.0,56.80035622710624
North,11,5,25,22,2.0,3,63.0,23.922692833052743
North,12,5,24,18,2.4,3,25.0,29.688083702297185
North,13,5,21,13,3.2,3,24.0,30.738598580650688
North,14,5,37,28,3.6,3,21.0,32.61852032420717
North,15,5,24,14,4.0,3,37.0,28.238944372878585
North,16,5,20,16,2.0,3,24.0,27.09059356627777
North,17,5,67,60,2.8,3,20.0,61.02215909090908
North,18,5,66,47,7.6,3,67.0,61.14629437229437
North,19,5,66,56,4.0,3,66.0,60.60908091908091
North,20,5,51,31,8.0,3,66.0,54.618498667998665
North,21,5,20,12,3.2,3,51.0,32.37
North,22,5,42,36,2.4,3,20.0,35.27013400488401
North,23,5,36,27,3.6,3,42.0,29.511964285714285
North,0,6,24,21,2.0,3,36.0,37.48758554964127
North,1,6,40,31,3.6,3,24.0,37.04598593580482
North,2,6,40,35,2.0,3,40.0,31.318604756354762
North,3,6,29,20,3.6,3,40.0,31.51733678249855
North,4,6,40,29,4.4,3,29.0,31.876161381053613
North,5,6,33,22,4.4,3,40.0,31.866144419306185
North,6,6,32,25,2.8,3,33.0,28.043911199346766
North,7,6,20,16,2.0,3,32.0,27.64449741868298
North,8,6,51,36,6.0,3,20.0,43.6827021720969
North,9,6,57,34,9.2,3,51.0,56.26385067993583
North,10,6,51,37,5.6,3,57.0,53.83265391471273
North,11,6,22,16,2.4,3,51.0,23.59316866277857
North,12,6,31,26,2.0,3,22.0,29.977852085049445
North,13,6,31,23,3.2,3,31.0,32.3366602151214
North,14,6,44,34,4.0,3,31.0,35.16048243040929
North,15,6,34,24,4.0,3,44.0,27.87349242424243
North,16,6,24,18,2.4,3,34.0,26.21094512212934
North,17,6,51,42,3.6,3,24.0,64.91382575757575
North,18,6,56,35,8.4,3,51.0,53.021275351676714
North,19,6,51,35,6.4,3,56.0,54.51091310583079
North,20,6,51,40,4.4,3,51.0,51.364283915576586
North,21,6,34,24,4.0,3,51.0,31.75
North,22,6,21,14,2.8,3,34.0,27.091859362859363
North,23,6,25,18,2.8,3,21.0,26.492218253968254
South,1,0,37,28,3.6,4,29.0,31.246115123160344
South,2,0,31,27,2.0,4,37.0,28.596887835084484
South,3,0,18,13,2.0,4,31.0,24.873436278146563
South,4,0,31,23,3.2,4,18.0,26.639501450120896
South,5,0,34,25,3.6,4,31.0,25.549819642002063
South,6,0,16,12,2.0,4,34.0,18.352951608848667
South,7,0,16,11,2.0,4,16.0,24.481573686544586
South,8,0,55,42,5.2,4,16.0,53.4372200280112
South,9,0,55,34,8.4,4,55.0,56.226241455482956
South,10,0,60,38,8.8,4,55.0,57.30932085853605
South,11,0,36,29,2.8,4,60.0,35.09195238095238
South,12,0,18,11,2.8,4,36.0,22.853370757020762
South,13,0,38,27,4.4,4,18.0,28.387202826640273
South,14,0,17,12,2.0,4,38.0,22.29603155236576
South,15,0,32,24,3.2,4,17.0,29.3866493625605
South,16,0,33,20,5.2,4,32.0,30.735365242653387
South,17,0,49,34,6.0,4,33.0,50.98183333333334
South,18,0,54,35,7.6,4,49.0,51.70293662867445
South,19,0,50,31,7.6,4,54.0,53.78387645498236
South,20,0,53,37,6.4,4,50.0,54.43165989376581
South,21,0,28,19,3.6,4,53.0,27.234583333333333
South,22,0,28,19,3.6,4,28.0,23.90198034859877
South,23,0,23,14,3.6,4,28.0,24.716147015265438
South,0,1,29,22,2.8,4,23.0,30.62479033467089
South,1,1,29,21,3.2,4,29.0,30.04248304055128
South,2,1,25,21,2.0,4,29.0,28.66201019246538
South,3,1,31,21,4.0,4,25.0,28.715078772086116
South,4,1,15,9,2.4,4,31.0,24.857411214006355
South,5,1,17,11,2.4,4,15.0,22.435267957478327
South,6,1,29,22,2.8,4,17.0,23.713922751214003
South,7,1,38,28,4.0,4,29.0,31.51741347480481
South,8,1,58,42,6.4,4,38.0,48.588905103668274
South,9,1,57,35,8.8,4,58.0,56.75086483210632
South,10,1,63,51,4.8,4,57.0,58.06453514425032
South,11,1,29,24,2.0,4,63.0,27.605461952821866
South,12,1,25,18,2.8,4,29.0,26.850857121395006
South,13,1,27,23,2.0,4,25.0,28.21674703091677
South,14,1,20,15,2.0,4,27.0,30.18430353201802
South,15,1,29,18,4.4,4,20.0,29.759599807621388
South,16,1,37,26,4.4,4,29.0,30.38654705960326
South,17,1,54,41,5.2,4,37.0,52.551833333333335
South,18,1,61,40,8.4,4,54.0,56.00476954644468
South,19,1,56,37,7.6,4,61.0,55.96434522139442
South,20,1,57,44,5.2,4,56.0,55.79465035923903
South,21,1,18,12,2.4,4,57.0,22.01
South,22,1,23,17,2.4,4,18.0,26.789780798149227
South,23,1,29,22,2.8,4,23.0,26.111518893387327
South,0,2,36,27,3.6,4,29.0,32.781680496174786
South,1,2,22,17,2.0,4,36.0,25.0135586660651
South,2,2,26,16,4.0,4,22.0,26.55588247904906
South,3,2,23,16,2.8,4,26.0,27.45648342235203
South,4,2,34,26,3.2,4,23.0,29.065611504220406
South,5,2,16,10,2.4,4,34.0,19.50986924914387
South,6,2,27,18,3.6,4,16.0,24.097367653533908
South,7,2,39,26,5.2,4,27.0,31.73726232672016
South,8,2,50,35,6.0,4,39.0,53.450604661334545
South,9,2,60,38,8.8,4,50.0,54.84768997836532
South,10,2,55,34,8.4,4,60.0,54.456491160799985
South,11,2,38,33,2.0,4,55.0,31.199755242865148
South,12,2,37,22,6.0,4,38.0,28.777075510600504
South,13,2,22,17,2.0,4,37.0,24.51634526642947
South,14,2,38,24,5.6,4,22.0,29.927239400575555
South,15,2,16,12,2.0,4,38.0,22.39461390057311
South,16,2,25,21,2.0,4,16.0,28.10111379907717
South,17,2,50,44,2.4,4,25.0,50.68844047619048
South,18,2,50,40,4.0,4,50.0,49.84727528861043
South,19,2,46,35,4.4,4,50.0,50.20521824998416
South,20,2,52,38,5.6,4,46.0,52.038822181312554
South,21,2,27,22,2.0,4,52.0,25.045916666666667
South,22,2,20,17,2.0,4,27.0,20.901518893387312
South,23,2,18,13,2.0,4,20.0,22.01317365529208
South,0,3,15,12,2.0,4,18.0,23.12656243439629
South,1,3,26,16,4.0,4,15.0,24.436038259988578
South,2,3,28,19,3.6,4,26.0,26.044140774895023
South,3,3,19,14,2.0,4,28.0,25.153971575758714
South,4,3,18,12,2.4,4,19.0,22.155748772415038
South,5,3,17,10,2.8,4,18.0,21.434667316289453
South,6,3,32,23,3.6,4,17.0,23.681565584687718
South,7,3,19,11,3.2,4,32.0,23.516025715976866
South,8,3,56,36,8.0,4,19.0,51.91602870299636
South,9,3,52,43,3.6,4,56.0,53.127201706016734
South,10,3,45,28,6.8,4,52.0,52.74113059291932
South,11,3,23,19,2.0,4,45.0,25.11211259792839
South,12,3,25,18,2.8,4,23.0,26.368235938462814
South,13,3,20,14,2.4,4,25.0,27.582321787047235
South,14,3,31,26,2.0,4,20.0,28.583580927812626
South,15,3,26,18,3.2,4,31.0,29.40172411941337
South,16,3,35,28,2.8,4,26.0,28.349105682975875
South,17,3,53,35,7.2,4,35.0,51.803382783882796
South,18,3,47,29,7.2,4,53.0,50.23651102481226
South,19,3,52,42,4.0,4,47.0,51.28529801267074
South,20,3,52,44,3.2,4,52.0,54.05830227515194
South,21,3,19,12,2.8,4,52.0,22.694702380952382
South,22,3,17,11,2.4,4,19.0,19.840554607673027
South,23,3,19,12,2.8,4,17.0,21.739578417196835
South,0,4,28,21,2.8,4,19.0,25.374550111923444
South,1,4,18,12,2.4,4,28.0,25.33967846130549
South,2,4,24,17,2.8,4,18.0,21.96132796974276
South,3,4,22,16,2.4,4,24.0,26.48586712770046
South,4,4,22,15,2.8,4,22.0,24.51997022237292
South,5,4,33,25,3.2,4,22.0,25.8571163693546
South,6,4,15,12,2.0,4,33.0,19.684820587608503
South,7,4,29,22,2.8,4,15.0,23.15229038732746
South,8,4,61,53,3.2,4,29.0,54.53202627111451
South,9,4,46,35,4.4,4,61.0,50.98687055853504
South,10,4,52,34,7.2,4,46.0,54.90795297886668
South,11,4,21,13,3.2,4,52.0,23.38866469452461
South,12,4,20,13,2.8,4,21.0,25.69430887905704
South,13,4,33,23,4.0,4,20.0,28.005186733107617
South,14,4,34,28,2.4,4,33.0,29.918566266894253
South,15,4,15,11,2.0,4,34.0,22.94016402946787
South,16,4,21,16,2.0,4,15.0,26.984670913477586
South,17,4,50,41,3.6,4,21.0,50.47994047619048
South,18,4,49,40,3.6,4,50.0,49.11984752206153
South,19,4,45,27,7.2,4,49.0,48.59227171951945
South,20,4,46,38,3.2,4,45.0,48.572965895689975
South,21,4,24,16,3.2,4,46.0,22.99628571428572
South,22,4,20,15,2.0,4,24.0,26.3862264957265
South,23,4,29,24,2.0,4,20.0,25.853095543345542
South,0,5,38,29,3.6,4,29.0,31.81187967853547
South,1,5,29,24,2.0,4,38.0,27.034755138692912
South,2,5,19,14,2.0,4,29.0,24.77317753656628
South,3,5,18,14,2.0,4,19.0,22.017199506874363
South,4,5,16,9,2.8,4,18.0,22.18086895224381
South,5,5,33,26,2.8,4,16.0,26.016403584922788
South,6,5,18,14,2.0,4,33.0,19.346443964231877
South,7,5,19,16,2.0,4,18.0,22.406897446934526
South,8,5,54,37,6.8,4,19.0,51.23168066378067
South,9,5,50,36,5.6,4,54.0,54.577443806022
South,10,5,59,40,7.6,4,50.0,56.129202280004165
South,11,5,25,16,3.6,4,59.0,24.799467724827633
South,12,5,27,17,4.0,4,25.0,25.604096906637583
South,13,5,32,25,2.8,4,27.0,27.59236378238199
South,14,5,29,23,2.4,4,32.0,29.136301568629555
South,15,5,25,21,2.0,4,29.0,28.25312141875147
South,16,5,18,15,2.0,4,25.0,26.479208739471677
South,17,5,49,42,2.8,4,18.0,49.78400457875458
South,18,5,52,41,4.4,4,49.0,50.731008292379585
South,19,5,61,47,5.6,4,52.0,56.81587532069944
South,20,5,53,38,6.0,4,61.0,52.721926114561185
South,21,5,28,24,2.0,4,53.0,26.29825
South,22,5,36,31,2.0,4,28.0,28.938325396825395
South,23,5,15,9,2.4,4,36.0,18.940708874458874
South,0,6,35,22,5.2,4,15.0,30.135602095715363
South,1,6,18,11,2.8,4,35.0,22.866785982848754
South,2,6,39,27,4.8,4,18.0,23.061226687091192
South,3,6,36,27,3.6,4,39.0,33.89972154536285
South,4,6,22,17,2.0,4,36.0,22.258027549177168
South,5,6,29,17,4.8,4,22.0,25.937499814606554
South,6,6,23,15,3.2,4,29.0,25.397857605536096
South,7,6,39,23,6.4,4,23.0,31.34527413071198
South,8,6,53,33,8.0,4,39.0,53.842337231396066
South,9,6,64,48,6.4,4,53.0,54.07684977805994
South,10,6,55,48,2.8,4,64.0,53.47212444499945
South,11,6,21,14,2.8,4,55.0,24.832716281826194
South,12,6,16,14,2.0,4,21.0,24.3639917277987
South,13,6,25,15,4.0,4,16.0,26.71187534814182
South,14,6,33,22,4.4,4,25.0,28.21642795763169
South,15,6,39,29,4.0,4,33.0,30.252175215693995
South,16,6,20,12,3.2,4,39.0,27.851655844155847
South,17,6,45,31,5.6,4,20.0,51.064004578754584
South,18,6,55,43,4.8,4,45.0,51.41146117120011
South,19,6,62,49,5.2,4,55.0,56.79892411655917
South,20,6,51,45,2.4,4,62.0,52.86357996071504
South,21,6,23,14,3.6,4,51.0,23.065916666666666
South,22,6,36,30,2.4,4,23.0,28.445465506715504
South,23,6,22,16,2.4,4,36.0,20.71749458874459
East,1,0,32,23,3.6,2,10.0,30.603941364191364
East,2,0,33,28,2.0,2,32.0,30.537506125612243
East,3,0,26,15,4.4,2,33.0,27.514676874454057
East,4,0,25,19,2.4,2,26.0,24.170014877417415
East,5,0,27,18,3.6,2,25.0,24.070650400391173
East,6,0,28,20,3.2,2,27.0,23.650200608353142
East,7,0,11,8,2.0,2,28.0,19.634113667679436
East,8,0,56,40,6.4,2,11.0,50.84016666666666
East,9,0,45,37,3.2,2,56.0,49.99563672438671
East,10,0,43,28,6.0,2,45.0,44.82011111111111
East,11,0,32,28,2.0,2,43.0,30.40214285714286
East,12,0,19,12,2.8,2,32.0,18.537361184425116
East,13,0,23,17,2.4,2,19.0,21.529814714054577
East,14,0,10,6,2.0,2,23.0,17.549160760357704
East,15,0,27,23,2.0,2,10.0,26.941388539316605
East,16,0,17,10,2.8,2,27.0,20.749147430692204
East,17,0,42,28,5.6,2,17.0,45.68816666666667
East,18,0,47,29,7.2,2,42.0,49.12841666666667
East,19,0,54,41,5.2,2,47.0,52.58575793650793
East,20,0,58,46,4.8,2,54.0,56.80442989758779
East,21,0,24,19,2.0,2,58.0,23.013333333333332
East,22,0,12,8,2.0,2,24.0,27.68386254973097
East,23,0,23,17,2.4,2,12.0,24.941104973973395
East,0,1,23,19,2.0,2,23.0,21.543356081574146
East,1,1,13,11,2.0,2,23.0,19.378945547663612
East,2,1,31,20,4.4,2,13.0,23.995954541177166
East,3,1,32,27,2.0,2,31.0,25.646168943122944
East,4,1,16,12,2.0,2,32.0,26.843321779385718
East,5,1,10,6,2.0,2,16.0,23.516586840422466
East,6,1,28,17,4.4,2,10.0,28.0618059572007
East,7,1,28,21,2.8,2,28.0,23.490675536366293
East,8,1,57,49,3.2,2,28.0,49.711411272018694
East,9,1,54,42,4.8,2,57.0,52.11071248196247
East,10,1,50,33,6.8,2,54.0,49.918650793650784
East,11,1,11,7,2.0,2,50.0,18.35754334365325
East,12,1,32,21,4.4,2,11.0,30.30154449956085
East,13,1,14,9,2.0,2,32.0,18.81336547588529
East,14,1,18,13,2.0,2,14.0,22.46175113914702
East,15,1,21,13,3.2,2,18.0,23.297577551769486
East,16,1,31,25,2.4,2,21.0,26.01233576349166
East,17,1,56,48,3.2,2,31.0,55.72559956709957
East,18,1,53,39,5.6,2,56.0,54.44289967780758
East,19,1,56,41,6.0,2,53.0,55.23664113079903
East,20,1,56,38,7.2,2,56.0,55.99910938476729
East,21,1,17,13,2.0,2,56.0,21.46
East,22,1,34,23,4.4,2,17.0,30.618672073540488
East,23,1,31,24,2.8,2,34.0,28.284030187648614
East,0,2,23,20,2.0,2,31.0,26.408989924772865
East,1,2,22,17,2.0,2,23.0,19.28608840480647
East,2,2,14,8,2.4,2,22.0,19.200968441436505
East,3,2,27,20,2.8,2,14.0,24.049455651350105
East,4,2,19,14,2.0,2,27.0,23.17660921363673
East,5,2,15,9,2.4,2,19.0,20.673756630599613
East,6,2,14,11,2.0,2,15.0,24.063850402797485
East,7,2,21,13,3.2,2,14.0,22.400926093438105
East,8,2,49,31,7.2,2,21.0,44.34161270084516
East,9,2,45,36,3.6,2,49.0,49.65547853535354
East,10,2,41,31,4.0,2,45.0,44.15974801587302
East,11,2,34,25,3.6,2,41.0,24.19314141414142
East,12,2,19,16,2.0,2,34.0,21.502564081201545
East,13,2,30,21,3.6,2,19.0,25.583223923371733
East,14,2,23,14,3.6,2,30.0,23.072383811816053
East,15,2,31,25,2.4,2,23.0,24.603371250966006
East,16,2,28,17,4.4,2,31.0,25.807407512114047
East,17,2,58,39,7.6,2,28.0,56.23726623376624
East,18,2,50,34,6.4,2,58.0,51.62932783788279
East,19,2,43,35,3.2,2,50.0,47.4507604970111
East,20,2,46,36,4.0,2,43.0,46.36864389233955
East,21,2,31,23,3.2,2,46.0,27.841111111111115
East,22,2,24,21,2.0,2,31.0,24.279703514321938
East,23,2,31,25,2.4,2,24.0,26.000033545401976
East,0,3,10,6,2.0,2,31.0,26.11902537856791
East,1,3,24,16,3.2,2,10.0,25.845347707847708
East,2,3,12,10,2.0,2,24.0,18.91525009468427
East,3,3,26,19,2.8,2,12.0,24.508617269688187
East,4,3,22,14,3.2,2,26.0,22.76694869673581
East,5,3,18,14,2.0,2,22.0,19.24223698257764
East,6,3,30,21,3.6,2,18.0,24.46162464952026
East,7,3,17,13,2.0,2,30.0,21.518664433776554
East,8,3,50,38,4.8,2,17.0,44.662933980686184
East,9,3,46,28,7.2,2,50.0,51.68975234487734
East,10,3,57,47,4.0,2,46.0,50.436307539682545
East,11,3,21,18,2.0,2,57.0,23.35255574791566
East,12,3,15,11,2.0,2,21.0,20.85848287682225
East,13,3,28,19,3.6,2,15.0,24.581382918859678
East,14,3,26,16,4.0,2,28.0,21.986355085615468
East,15,3,19,15,2.0,2,26.0,22.149393097311375
East,16,3,26,17,3.6,2,19.0,25.46612594697804
East,17,3,55,47,3.2,2,26.0,55.121790043290055
East,18,3,47,37,4.0,2,55.0,50.253161171216114
East,19,3,56,44,4.8,2,47.0,47.73196501566067
East,20,3,55,47,3.2,2,56.0,52.276566238371196
East,21,3,34,29,2.0,2,55.0,30.9625
East,22,3,21,13,3.2,2,34.0,23.988573477691897
East,23,3,18,15,2.0,2,21.0,19.955890688259114
East,0,4,24,14,4.0,2,18.0,22.921175562530554
East,1,4,25,21,2.0,2,24.0,22.029662873898527
East,2,4,32,24,3.2,2,25.0,28.274024685289746
East,3,4,31,27,2.0,2,32.0,29.078711732711735
East,4,4,23,14,3.6,2,31.0,24.534529716206542
East,5,4,16,11,2.0,2,23.0,21.366527591306728
East,6,4,25,15,4.0,2,16.0,25.388519002716087
East,7,4,32,26,2.4,2,25.0,22.743024923647877
East,8,4,59,50,3.6,2,32.0,52.73765882157058
East,9,4,57,43,5.6,2,59.0,54.94919114219115
East,10,4,46,28,7.2,2,57.0,48.054315781440785
East,11,4,33,22,4.4,2,46.0,26.089678254494043
East,12,4,22,13,3.6,2,33.0,21.742697563057856
East,13,4,14,10,2.0,2,22.0,20.11139690256822
East,14,4,32,23,3.6,2,14.0,25.03298711439533
East,15,4,16,11,2.0,2,32.0,22.376834093194383
East,16,4,26,19,2.8,2,16.0,25.135908946896443
East,17,4,52,40,4.8,2,26.0,53.80559956709956
East,18,4,55,40,6.0,2,52.0,52.57847816562522
East,19,4,51,34,6.8,2,55.0,51.789081034978096
East,20,4,42,36,2.4,2,51.0,46.1311116794544
East,21,4,32,20,4.8,2,42.0,31.20186868686869
East,22,4,27,23,2.0,2,32.0,27.03731587856588
East,23,4,12,7,2.0,2,27.0,19.07499511599512
East,0,5,23,16,2.8,2,12.0,23.45846563039182
East,1,5,26,18,3.2,2,23.0,23.026826015105144
East,2,5,30,22,3.2,2,26.0,27.903203256718317
East,3,5,25,21,2.0,2,30.0,25.846731644996712
East,4,5,24,17,2.8,2,25.0,24.23845569872076
East,5,5,34,23,4.4,2,24.0,21.90465749039315
East,6,5,29,23,2.4,2,34.0,29.051565303977068
East,7,5,26,16,4.0,2,29.0,24.108764456303042
East,8,5,53,36,6.8,2,26.0,48.021800061074956
East,9,5,57,39,7.2,2,53.0,53.54802615440115
East,10,5,44,26,7.2,2,57.0,46.85558562271062
East,11,5,10,8,2.0,2,44.0,16.525855699855704
East,12,5,24,17,2.8,2,10.0,24.84745676774281
East,13,5,26,18,3.2,2,24.0,20.393008960019156
East,14,5,13,8,2.0,2,26.0,18.821665123726152
East,15,5,14,11,2.0,2,13.0,18.895690222647588
East,16,5,20,15,2.0,2,14.0,20.769170061684655
East,17,5,46,39,2.8,2,20.0,50.62090909090909
East,18,5,53,41,4.8,2,46.0,47.919380952380955
East,19,5,52,46,2.4,2,53.0,51.42892047331753
East,20,5,46,41,2.0,2,52.0,49.38374556489262
East,21,5,17,15,2.0,2,46.0,22.13
East,22,5,31,24,2.8,2,17.0,30.186177655677657
East,23,5,22,13,3.6,2,31.0,22.27094178044178
East,0,6,20,13,2.8,2,22.0,19.347864817208936
East,1,6,18,11,2.8,2,20.0,18.91280132514545
East,2,6,12,10,2.0,2,18.0,16.5812347805789
East,3,6,14,8,2.4,2,12.0,17.836882642692707
East,4,6,24,15,3.6,2,14.0,22.365753260636858
East,5,6,18,15,2.0,2,24.0,19.769306442577037
East,6,6,26,16,4.0,2,18.0,23.245552810759932
East,7,6,19,14,2.0,2,26.0,20.65972192513369
East,8,6,57,46,4.4,2,19.0,37.24895611577964
East,9,6,42,35,2.8,2,57.0,51.60807209457209
East,10,6,45,35,4.0,2,42.0,45.42490476190476
East,11,6,24,14,4.0,2,45.0,23.428686191001983
East,12,6,13,10,2.0,2,24.0,15.81190626040626
East,13,6,11,8,2.0,2,13.0,14.974745444666162
East,14,6,33,22,4.4,2,11.0,26.825641659562375
East,15,6,18,11,2.8,2,33.0,18.522884318296082
East,16,6,11,9,2.0,2,18.0,15.86539918659772
East,17,6,48,33,6.0,2,11.0,48.473333333333336
East,18,6,44,36,3.2,2,48.0,48.90191666666666
East,19,6,41,29,4.8,2,44.0,43.17875
East,20,6,54,32,8.8,2,41.0,44.24424242424242
East,21,6,14,8,2.4,2,54.0,26.33
East,22,6,27,16,4.4,2,14.0,27.81233333333333
East,23,6,25,20,2.0,2,27.0,22.938968253968255
West,1,0,27,20,2.8,5,14.0,26.971430112959556
West,2,0,28,23,2.0,5,27.0,27.05777526762727
West,3,0,33,26,2.8,5,28.0,24.388831100896027
West,4,0,17,13,2.0,5,33.0,19.05425967659791
West,5,0,22,18,2.0,5,17.0,22.67639675628355
West,6,0,33,27,2.4,5,22.0,24.174087955394178
West,7,0,17,11,2.4,5,33.0,17.802049359137595
West,8,0,55,44,4.4,5,17.0,50.55040476190476
West,9,0,50,33,6.8,5,55.0,51.84871446389868
West,10,0,49,30,7.6,5,50.0,52.061640187298096
West,11,0,15,9,2.4,5,49.0,22.37327380952381
West,12,0,14,12,2.0,5,15.0,27.04656006051389
West,13,0,34,20,5.6,5,14.0,24.072689572298977
West,14,0,32,19,5.2,5,34.0,27.7901065248761
West,15,0,20,13,2.8,5,32.0,26.53655163532121
West,16,0,16,10,2.4,5,20.0,21.597579713495183
West,17,0,43,32,4.4,5,16.0,43.042952380952386
West,18,0,52,39,5.2,5,43.0,51.05044237945961
West,19,0,46,30,6.4,5,52.0,49.5205760879947
West,20,0,52,40,4.8,5,46.0,52.089938981637
West,21,0,26,19,2.8,5,52.0,25.685416666666665
West,22,0,17,11,2.4,5,26.0,20.059630952380957
West,23,0,33,27,2.4,5,17.0,29.676809523809535
West,0,1,25,15,4.0,5,33.0,23.545089736421584
West,1,1,16,12,2.0,5,25.0,27.989131963999963
West,2,1,11,7,2.0,5,16.0,24.796999716558567
West,3,1,24,21,2.0,5,11.0,25.5408276568203
West,4,1,31,27,2.0,5,24.0,27.891920573791698
West,5,1,13,8,2.0,5,31.0,15.762149996423016
West,6,1,26,21,2.0,5,13.0,22.350261112687377
West,7,1,26,20,2.4,5,26.0,25.338024067520195
West,8,1,40,24,6.4,5,26.0,45.1686625188537
West,9,1,57,49,3.2,5,40.0,54.46549146467566
West,10,1,54,48,2.4,5,57.0,53.73213435979226
West,11,1,13,10,2.0,5,54.0,18.127655049199166
West,12,1,29,23,2.4,5,13.0,26.336149173155633
West,13,1,16,9,2.8,5,29.0,18.31991759718871
West,14,1,10,6,2.0,5,16.0,17.677525560871803
West,15,1,24,20,2.0,5,10.0,20.92177055289986
West,16,1,20,16,2.0,5,24.0,20.628615689945633
West,17,1,41,27,5.6,5,20.0,41.825452380952385
West,18,1,43,31,4.8,5,41.0,45.988822463768116
West,19,1,52,44,3.2,5,43.0,51.074747776960656
West,20,1,54,45,3.6,5,52.0,52.74943789938591
West,21,1,20,13,2.8,5,54.0,21.289666666666665
West,22,1,11,9,2.0,5,20.0,18.65154761904762
West,23,1,29,23,2.4,5,11.0,26.95407142857144
West,0,2,12,10,2.0,5,29.0,25.464762711584296
West,1,2,21,12,3.6,5,12.0,25.167047606804957
West,2,2,30,26,2.0,5,21.0,27.029924095284418
West,3,2,14,11,2.0,5,30.0,21.989832931432648
West,4,2,15,12,2.0,5,14.0,19.154117084330114
West,5,2,14,12,2.0,5,15.0,18.19033538155576
West,6,2,10,6,2.0,5,14.0,14.628776967747353
West,7,2,15,10,2.0,5,10.0,16.1911976944624
West,8,2,42,25,6.8,5,15.0,46.10051190476191
West,9,2,51,39,4.8,5,42.0,52.31545760882564
West,10,2,51,37,5.6,5,51.0,51.68667151626325
West,11,2,17,11,2.4,5,51.0,18.28649112978525
West,12,2,34,29,2.0,5,17.0,25.688525636604464
West,13,2,30,19,4.4,5,34.0,26.040519887828935
West,14,2,23,17,2.4,5,30.0,21.870082165721325
West,15,2,16,12,2.0,5,23.0,20.85501983890125
West,16,2,21,12,3.6,5,16.0,19.360250999080943
West,17,2,42,27,6.0,5,21.0,44.462428571428575
West,18,2,54,40,5.6,5,42.0,49.41592958623919
West,19,2,53,41,4.8,5,54.0,51.909716228158
West,20,2,51,34,6.8,5,53.0,51.80009382278559
West,21,2,18,11,2.8,5,51.0,24.886750000000003
West,22,2,34,22,4.8,5,18.0,28.570380952380965
West,23,2,31,24,2.8,5,34.0,26.319969696969697
West,0,3,30,23,2.8,5,31.0,21.12831608229793
West,1,3,17,11,2.4,5,30.0,22.52768522240681
West,2,3,22,14,3.2,5,17.0,23.543209022285524
West,3,3,30,18,4.8,5,22.0,26.798877168640516
West,4,3,27,20,2.8,5,30.0,18.54159862407333
West,5,3,15,10,2.0,5,27.0,19.76968769736861
West,6,3,22,18,2.0,5,15.0,18.906455539175923
West,7,3,15,13,2.0,5,22.0,19.767770171870524
West,8,3,50,37,5.2,5,15.0,46.687178571428575
West,9,3,48,32,6.4,5,50.0,51.313174960918005
West,10,3,53,34,7.6,5,48.0,52.368991057832794
West,11,3,25,18,2.8,5,53.0,22.649503034547156
West,12,3,29,20,3.6,5,25.0,21.93622085018787
West,13,3,17,10,2.8,5,29.0,18.088739008671965
West,14,3,10,7,2.0,5,17.0,18.24069296623047
West,15,3,10,8,2.0,5,10.0,16.506454734945887
West,16,3,10,8,2.0,5,10.0,16.774928855028705
West,17,3,46,29,6.8,5,10.0,44.33011904761904
West,18,3,46,30,6.4,5,46.0,49.22871541315736
West,19,3,57,48,3.6,5,46.0,51.32946140483412
West,20,3,49,31,7.2,5,57.0,51.254819663994205
West,21,3,26,23,2.0,5,49.0,25.23086904761905
West,22,3,12,10,2.0,5,26.0,14.99065476190476
West,23,3,18,15,2.0,5,12.0,19.404476190476192
West,0,4,16,12,2.0,5,18.0,20.7943242968888
West,1,4,18,14,2.0,5,16.0,23.344049171687203
West,2,4,17,15,2.0,5,18.0,22.690324296888804
West,3,4,29,20,3.6,5,17.0,25.126612712893163
West,4,4,16,12,2.0,5,29.0,18.336089424939136
West,5,4,25,19,2.4,5,16.0,22.67387650709689
West,6,4,31,22,3.6,5,25.0,25.633063444809576
West,7,4,12,7,2.0,5,31.0,14.34557244716068
West,8,4,49,35,5.6,5,12.0,45.77697619047619
West,9,4,57,35,8.8,5,49.0,53.96259289021093
West,10,4,51,33,7.2,5,57.0,51.152217872684616
West,11,4,22,17,2.0,5,51.0,21.581241129785248
West,12,4,28,24,2.0,5,22.0,24.95843734447789
West,13,4,13,10,2.0,5,28.0,17.72974802743099
West,14,4,32,23,3.6,5,13.0,24.958065656405793
West,15,4,28,18,4.0,5,32.0,24.61226429955756
West,16,4,15,12,2.0,5,28.0,18.721257780749564
West,17,4,44,39,2.0,5,15.0,44.578476190476195
West,18,4,48,35,5.2,5,44.0,48.18725684966203
West,19,4,49,35,5.6,5,48.0,49.20501447676221
West,20,4,54,36,7.2,5,49.0,50.43643899505437
West,21,4,21,13,3.2,5,54.0,21.974666666666668
West,22,4,30,24,2.4,5,21.0,26.264464285714283
West,23,4,33,24,3.6,5,30.0,25.507541125541124
West,0,5,13,10,2.0,5,33.0,18.620732748964596
West,1,5,29,21,3.2,5,13.0,25.77677749058193
West,2,5,27,23,2.0,5,29.0,21.642966258399795
West,3,5,18,13,2.0,5,27.0,21.272065878233008
West,4,5,30,21,3.6,5,18.0,23.955455302656343
West,5,5,13,11,2.0,5,30.0,15.77424518584489
West,6,5,11,9,2.0,5,13.0,15.15602027019654
West,7,5,16,10,2.4,5,11.0,16.06173901098901
West,8,5,58,39,7.6,5,16.0,52.84544047619047
West,9,5,51,36,6.0,5,58.0,52.05565446241067
West,10,5,57,44,5.2,5,51.0,52.73791879164869
West,11,5,24,16,3.2,5,57.0,23.58982446311858
West,12,5,17,12,2.0,5,24.0,21.973984047774596
West,13,5,32,25,2.8,5,17.0,24.056276674189174
West,14,5,23,20,2.0,5,32.0,23.97320286099612
West,15,5,32,23,3.6,5,23.0,21.67693873868053
West,16,5,15,11,2.0,5,32.0,23.8887039432472
West,17,5,54,42,4.8,5,15.0,49.16925457875458
West,18,5,46,32,5.6,5,54.0,49.098098275109265
West,19,5,41,25,6.4,5,46.0,45.517561060613154
West,20,5,56,40,6.4,5,41.0,44.438964285714285
West,21,5,34,24,4.0,5,56.0,29.69
West,22,5,12,9,2.0,5,34.0,19.238603174603178
West,23,5,10,8,2.0,5,12.0,17.222940476190477
West,0,6,33,23,4.0,5,10.0,28.20673636363636
West,1,6,32,23,3.6,5,33.0,25.82083439731624
West,2,6,20,17,2.0,5,32.0,25.217094470576313
West,3,6,31,20,4.4,5,20.0,24.322342491284697
West,4,6,19,13,2.4,5,31.0,19.24452802035986
West,5,6,21,17,2.0,5,19.0,21.225424932527673
West,6,6,10,7,2.0,5,21.0,17.287020808873546
West,7,6,17,13,2.0,5,10.0,16.568143772893777
West,8,6,40,27,5.2,5,17.0,43.97274603174603
West,9,6,59,42,6.8,5,40.0,54.87675022483537
West,10,6,50,41,3.6,5,59.0,51.977577588261425
West,11,6,14,10,2.0,5,50.0,22.000923669467788
West,12,6,26,22,2.0,5,14.0,26.745388708182013
West,13,6,21,15,2.4,5,26.0,21.82119487143666
West,14,6,24,20,2.0,5,21.0,24.25132637448888
West,15,6,21,16,2.0,5,24.0,22.024841086332877
West,16,6,29,19,4.0,5,21.0,24.50136406335585
West,17,6,41,26,6.0,5,29.0,46.74992124542125
West,18,6,44,38,2.4,5,41.0,44.14254761904762
West,19,6,40,25,6.0,5,44.0,42.6792395594785
West,20,6,45,29,6.4,5,40.0,44.234880952380955
West,21,6,14,8,2.4,5,45.0,18.566130952380952
West,22,6,28,17,4.4,5,14.0,26.344499999999996
West,23,6,19,13,2.4,5,28.0,20.725380952380956
Airport,1,0,50,30,8.0,0,57.0,53.17888101506338
Airport,2,0,64,50,5.6,0,50.0,59.80796212512976
Airport,3,0,64,49,6.0,0,64.0,54.34472084397083
Airport,4,0,63,47,6.4,0,64.0,56.22471676471676
Airport,5,0,57,40,6.8,0,63.0,56.565333431383436
Airport,6,0,45,28,6.8,0,57.0,49.68624076746839
Airport,7,0,52,33,7.6,0,45.0,51.455911366411364
Airport,8,0,87,57,12.0,0,52.0,83.0422261904762
Airport,9,0,77,68,3.6,0,87.0,78.10357142857143
Airport,10,0,70,57,5.2,0,77.0,72.592
Airport,11,0,45,38,2.8,0,70.0,49.05063232437497
Airport,12,0,61,41,8.0,0,45.0,57.743005479384735
Airport,13,0,40,34,2.4,0,61.0,48.861538148513
Airport,14,0,50,40,4.0,0,40.0,52.22972130647131
Airport,15,0,57,38,7.6,0,50.0,55.61665815840507
Airport,16,0,47,40,2.8,0,57.0,49.1157800557286
Airport,17,0,86,52,13.6,0,47.0,73.71366666666667
Airport,18,0,77,64,5.2,0,86.0,76.75392857142857
Airport,19,0,73,58,6.0,0,77.0,74.48057142857144
Airport,20,0,88,77,4.4,0,73.0,78.4802142857143
Airport,21,0,53,38,6.0,0,88.0,51.53
Airport,22,0,44,34,4.0,0,53.0,47.01623015873016
Airport,23,0,41,36,2.0,0,44.0,44.95333333333334
Airport,0,1,45,31,5.6,0,41.0,48.31833638583639
Airport,1,1,40,28,4.8,0,45.0,44.34661416361417
Airport,2,1,55,45,4.0,0,40.0,51.90013314300079
Airport,3,1,60,46,5.6,0,55.0,55.89892773319445
Airport,4,1,48,30,7.2,0,60.0,52.03020231250232
Airport,5,1,41,29,4.8,0,48.0,45.87997430184194
Airport,6,1,53,46,2.8,0,41.0,49.36801454101454
Airport,7,1,58,48,4.0,0,53.0,57.921986622648085
Airport,8,1,87,75,4.8,0,58.0,82.82025595238093
Airport,9,1,88,75,5.2,0,87.0,80.05957142857143
Airport,10,1,70,44,10.4,0,88.0,73.05
Airport,11,1,61,48,5.2,0,70.0,51.003996703459954
Airport,12,1,60,41,7.6,0,61.0,53.2906943142427
Airport,13,1,51,39,4.8,0,60.0,53.02237150306695
Airport,14,1,54,43,4.4,0,51.0,55.381609648091846
Airport,15,1,64,49,6.0,0,54.0,53.866760816368014
Airport,16,1,56,41,6.0,0,64.0,53.70906604588224
Airport,17,1,75,46,11.6,0,56.0,74.90727045177047
Airport,18,1,72,46,10.4,0,75.0,74.26526190476191
Airport,19,1,83,65,7.2,0,72.0,78.85902838827839
Airport,20,1,83,62,8.4,0,83.0,81.41457142857143
Airport,21,1,60,51,3.6,0,83.0,51.05
Airport,22,1,55,46,3.6,0,60.0,52.09761785926493
Airport,23,1,60,50,4.0,0,55.0,51.22239682539683
Airport,0,2,64,45,7.6,0,60.0,58.82510988160744
Airport,1,2,41,31,4.0,0,64.0,46.57537308507066
Airport,2,2,54,41,5.2,0,41.0,52.979286591412944
Airport,3,2,54,38,6.4,0,54.0,56.067442181717595
Airport,4,2,62,52,4.0,0,54.0,55.91003334055877
Airport,5,2,57,46,4.4,0,62.0,54.89415341587389
Airport,6,2,50,30,8.0,0,57.0,51.32798199738009
Airport,7,2,62,45,6.8,0,50.0,59.3216586246227
Airport,8,2,85,67,7.2,0,62.0,82.4813511904762
Airport,9,2,84,56,11.2,0,85.0,82.57557142857144
Airport,10,2,80,57,9.2,0,84.0,80.09290476190478
Airport,11,2,43,37,2.4,0,80.0,50.726749299719884
Airport,12,2,61,40,8.4,0,43.0,57.891672146051405
Airport,13,2,53,39,5.6,0,61.0,53.139153970599416
Airport,14,2,55,41,5.6,0,53.0,54.301198947681144
Airport,15,2,53,36,6.8,0,55.0,53.112768752875965
Airport,16,2,54,41,5.2,0,53.0,53.53465796295209
Airport,17,2,77,53,9.6,0,54.0,75.91143711843714
Airport,18,2,73,59,5.6,0,77.0,73.65288095238097
Airport,19,2,71,48,9.2,0,73.0,76.31617124542123
Airport,20,2,73,61,4.8,0,71.0,75.23089285714285
Airport,21,2,50,31,7.6,0,73.0,51.091166666666666
Airport,22,2,51,33,7.2,0,50.0,51.3870634920635
Airport,23,2,52,34,7.2,0,51.0,51.12673015873016
Airport,0,3,63,52,4.4,0,52.0,61.34161675107098
Airport,1,3,49,42,2.8,0,63.0,52.05715643300927
Airport,2,3,59,43,6.4,0,49.0,54.890107771316636
Airport,3,3,46,38,3.2,0,59.0,51.13660672718247
Airport,4,3,51,31,8.0,0,46.0,52.074006533751316
Airport,5,3,49,31,7.2,0,51.0,53.35751145260266
Airport,6,3,52,40,4.8,0,49.0,52.43284504384802
Airport,7,3,61,46,6.0,0,52.0,57.84475013399054
Airport,8,3,78,65,5.2,0,61.0,78.35658928571429
Airport,9,3,84,65,7.6,0,78.0,80.30814285714287
Airport,10,3,79,68,4.4,0,84.0,80.81433333333334
Airport,11,3,55,42,5.2,0,79.0,55.08315100912159
Airport,12,3,44,30,5.6,0,55.0,49.65823342270905
Airport,13,3,63,53,4.0,0,44.0,59.38185343260112
Airport,14,3,46,36,4.0,0,63.0,52.20829865924411
Airport,15,3,57,47,4.0,0,46.0,56.69630917130686
Airport,16,3,49,36,5.2,0,57.0,49.28769710436623
Airport,17,3,87,56,12.4,0,49.0,82.9525
Airport,18,3,86,70,6.4,0,87.0,76.30550000000001
Airport,19,3,71,52,7.6,0,86.0,74.63735714285716
Airport,20,3,86,56,12.0,0,71.0,75.11371611721613
Airport,21,3,44,34,4.0,0,86.0,47.55
Airport,22,3,46,35,4.4,0,44.0,45.39366666666667
Airport,23,3,49,33,6.4,0,46.0,47.385
Airport,0,4,52,40,4.8,0,49.0,55.34641082790918
Airport,1,4,64,57,2.8,0,52.0,59.20368397624345
Airport,2,4,42,32,4.0,0,64.0,46.361366835787315
Airport,3,4,57,41,6.4,0,42.0,54.68565561832686
Airport,4,4,61,44,6.8,0,57.0,54.02187248395752
Airport,5,4,48,38,4.0,0,61.0,52.707587496413225
Airport,6,4,46,32,5.6,0,48.0,48.36263129134665
Airport,7,4,53,33,8.0,0,46.0,52.53348839438855
Airport,8,4,75,58,6.8,0,53.0,75.66786919504644
Airport,9,4,76,63,5.2,0,75.0,75.60566666666666
Airport,10,4,73,45,11.2,0,76.0,74.28661904761904
Airport,11,4,40,31,3.6,0,73.0,46.97015554625113
Airport,12,4,48,33,6.0,0,40.0,52.1233839009288
Airport,13,4,45,31,5.6,0,48.0,52.84118916386331
Airport,14,4,43,31,4.8,0,45.0,57.37342051584467
Airport,15,4,41,32,3.6,0,43.0,56.817468134892295
Airport,16,4,51,34,6.8,0,41.0,52.050662321338784
Airport,17,4,77,66,4.4,0,51.0,76.44078465394256
Airport,18,4,87,69,7.2,0,77.0,82.02659523809524
Airport,19,4,81,56,10.0,0,87.0,80.19366666666667
Airport,20,4,72,47,10.0,0,81.0,78.64714285714285
Airport,21,4,41,36,2.0,0,72.0,47.525525641025645
Airport,22,4,41,29,4.8,0,41.0,42.08666666666667
Airport,23,4,42,34,3.2,0,41.0,43.09333333333334
Airport,0,5,59,36,9.2,0,42.0,55.582902557232494
Airport,1,5,51,31,8.0,0,59.0,52.542774809077635
Airport,2,5,44,28,6.4,0,51.0,52.47308332400612
Airport,3,5,54,35,7.6,0,44.0,53.29032811688094
Airport,4,5,55,39,6.4,0,54.0,55.01986950614757
Airport,5,5,64,54,4.0,0,55.0,56.89860182937989
Airport,6,5,51,35,6.4,0,64.0,51.120803524099
Airport,7,5,51,45,2.4,0,51.0,55.81963901440837
Airport,8,5,72,63,3.6,0,51.0,72.26079901960784
Airport,9,5,82,52,12.0,0,72.0,78.633375
Airport,10,5,88,56,12.8,0,82.0,83.36861904761905
Airport,11,5,44,36,3.2,0,88.0,50.08416666666666
Airport,12,5,63,48,6.0,0,44.0,58.18411682392255
Airport,13,5,64,51,5.2,0,63.0,57.161394342972144
Airport,14,5,59,46,5.2,0,64.0,55.97024965432745
Airport,15,5,57,47,4.0,0,59.0,53.499368474104166
Airport,16,5,40,31,3.6,0,57.0,49.30887694808631
Airport,17,5,81,67,5.6,0,40.0,75.47333333333333
Airport,18,5,71,43,11.2,0,81.0,73.56076190476189
Airport,19,5,73,50,9.2,0,71.0,74.62142307692308
Airport,20,5,87,61,10.4,0,73.0,80.3056684981685
Airport,21,5,48,30,7.2,0,87.0,49.38
Airport,22,5,64,49,6.0,0,48.0,46.855
Airport,23,5,50,42,3.2,0,64.0,49.86196506177002
Airport,0,6,62,54,3.2,0,50.0,59.307101917690154
Airport,1,6,57,43,5.6,0,62.0,53.95627238112764
Airport,2,6,42,35,2.8,0,57.0,52.39523387978264
Airport,3,6,54,48,2.4,0,42.0,53.90143547130544
Airport,4,6,44,31,5.2,0,54.0,51.055323608681185
Airport,5,6,51,44,2.8,0,44.0,51.49420267632265
Airport,6,6,49,37,4.8,0,51.0,50.80440133542068
Airport,7,6,52,37,6.0,0,49.0,53.65201109820692
Airport,8,6,79,67,4.8,0,52.0,76.25938235294119
Airport,9,6,75,48,10.8,0,79.0,78.76533333333333
Airport,10,6,76,52,9.6,0,75.0,74.72495238095239
Airport,11,6,48,33,6.0,0,76.0,52.16400021547081
Airport,12,6,42,27,6.0,0,48.0,50.08588114783392
Airport,13,6,41,27,5.6,0,42.0,55.54555683325961
Airport,14,6,53,47,2.4,0,41.0,53.40381019101298
Airport,15,6,49,41,3.2,0,53.0,53.69152292994244
Airport,16,6,64,47,6.8,0,49.0,58.6813488292753
Airport,17,6,70,61,3.6,0,64.0,72.26054106909602
Airport,18,6,83,53,12.0,0,70.0,77.68517307692306
Airport,19,6,85,70,6.0,0,83.0,81.38
Airport,20,6,89,66,9.2,0,85.0,85.69
Airport,21,6,48,40,3.2,0,89.0,50.24
Airport,22,6,52,36,6.4,0,48.0,46.66
Airport,23,6,47,34,5.2,0,52.0,48.72432769423559
